taxRank,taxID,Max,Active,Post_aestivation,Aestivation,Domain,Phylum,Class,Order,Family,Genera
U,0,662,662,635,202,unclassified,,,,,
P,905,766,766,12,6,Bacteria,Bacteroidetes,,,,
C,912,759,759,12,6,Bacteria,Bacteroidetes,Bacteroidia,,,
O,913,696,696,11,4,Bacteria,Bacteroidetes,Bacteroidia,Bacteroidales,,
F,960,549,549,3,2,Bacteria,Bacteroidetes,Bacteroidia,Bacteroidales,Prevotellaceae,
G,11183,400,400,1,2,Bacteria,Bacteroidetes,Bacteroidia,Bacteroidales,Prevotellaceae,Prevotella9
G,11182,33,33,2,0,Bacteria,Bacteroidetes,Bacteroidia,Bacteroidales,Prevotellaceae,Prevotella7
G,11179,32,32,0,0,Bacteria,Bacteroidetes,Bacteroidia,Bacteroidales,Prevotellaceae,Prevotella1
G,11180,6,6,0,0,Bacteria,Bacteroidetes,Bacteroidia,Bacteroidales,Prevotellaceae,Prevotella2
G,963,4,4,0,0,Bacteria,Bacteroidetes,Bacteroidia,Bacteroidales,Prevotellaceae,Prevotella
G,962,3,3,0,0,Bacteria,Bacteroidetes,Bacteroidia,Bacteroidales,Prevotellaceae,Paraprevotella
G,961,2,2,0,0,Bacteria,Bacteroidetes,Bacteroidia,Bacteroidales,Prevotellaceae,Alloprevotella
G,964,2,2,0,0,Bacteria,Bacteroidetes,Bacteroidia,Bacteroidales,Prevotellaceae,uncultured
G,11185,2,2,0,0,Bacteria,Bacteroidetes,Bacteroidia,Bacteroidales,Prevotellaceae,NK3B31_group
G,11181,1,1,0,0,Bacteria,Bacteroidetes,Bacteroidia,Bacteroidales,Prevotellaceae,Prevotella6
G,918,35,35,1,1,Bacteria,Bacteroidetes,Bacteroidia,Bacteroidales,Bacteroidaceae,Bacteroides
G,11191,10,10,0,0,Bacteria,Bacteroidetes,Bacteroidia,Bacteroidales,Rikenellaceae,RC9_gut_group
G,968,5,5,0,0,Bacteria,Bacteroidetes,Bacteroidia,Bacteroidales,Rikenellaceae,Alistipes
G,24660,10,10,2,0,Bacteria,Bacteroidetes,Bacteroidia,Bacteroidales,Tannerellaceae,Parabacteroides
F,24634,7,7,1,1,Bacteria,Bacteroidetes,Bacteroidia,Bacteroidales,Muribaculaceae,
F,24619,5,5,0,0,Bacteria,Bacteroidetes,Bacteroidia,Bacteroidales,Marinilabiliaceae,
G,24623,2,2,0,0,Bacteria,Bacteroidetes,Bacteroidia,Bacteroidales,Marinilabiliaceae,Carboxylicivirga
G,24620,1,1,0,0,Bacteria,Bacteroidetes,Bacteroidia,Bacteroidales,Marinilabiliaceae,Alkaliflexus
G,24633,1,1,0,0,Bacteria,Bacteroidetes,Bacteroidia,Bacteroidales,Marinilabiliaceae,
G,24647,2,2,0,0,Bacteria,Bacteroidetes,Bacteroidia,Bacteroidales,Prolixibacteraceae,WCHB1-32
G,14277,1,1,0,0,Bacteria,Bacteroidetes,Bacteroidia,Bacteroidales,Prolixibacteraceae,Prolixibacter
G,14278,1,1,0,0,Bacteria,Bacteroidetes,Bacteroidia,Bacteroidales,Prolixibacteraceae,Sunxiuqinia
F,11174,2,2,0,0,Bacteria,Bacteroidetes,Bacteroidia,Bacteroidales,Bacteroidales_UCG-nana1,
F,24653,2,2,0,0,Bacteria,Bacteroidetes,Bacteroidia,Bacteroidales,SB-5,
G,24642,2,2,0,0,Bacteria,Bacteroidetes,Bacteroidia,Bacteroidales,Paludibacteraceae,
G,24616,1,1,0,0,Bacteria,Bacteroidetes,Bacteroidia,Bacteroidales,Marinifilaceae,Odoribacter
G,24606,1,1,0,0,Bacteria,Bacteroidetes,Bacteroidia,Bacteroidales,Dysgonomonadaceae,Fermentimonas
G,956,1,1,1,0,Bacteria,Bacteroidetes,Bacteroidia,Bacteroidales,Porphyromonadaceae,Porphyromonas
F,940,1,1,0,0,Bacteria,Bacteroidetes,Bacteroidia,Bacteroidales,MgMjR-na22,
F,24595,1,1,0,0,Bacteria,Bacteroidetes,Bacteroidia,Bacteroidales,Bacteroidetes_BD2-2,
F,24610,1,0,1,0,Bacteria,Bacteroidetes,Bacteroidia,Bacteroidales,Fna82,
G,24712,7,7,0,1,Bacteria,Bacteroidetes,Bacteroidia,Chitinophagales,Saprospiraceae,
G,24679,3,3,0,0,Bacteria,Bacteroidetes,Bacteroidia,Chitinophagales,Chitinophagaceae,Flavisolibacter
G,24700,1,1,0,0,Bacteria,Bacteroidetes,Bacteroidia,Chitinophagales,Chitinophagaceae,
G,24694,1,1,0,0,Bacteria,Bacteroidetes,Bacteroidia,Chitinophagales,Chitinophagaceae,Segetibacter
F,24713,1,1,0,0,Bacteria,Bacteroidetes,Bacteroidia,Chitinophagales,,
F,24841,5,5,0,0,Bacteria,Bacteroidetes,Bacteroidia,Flavobacteriales,Flavobacteriaceae,
G,24881,2,2,0,0,Bacteria,Bacteroidetes,Bacteroidia,Flavobacteriales,Flavobacteriaceae,Flavobacterium
G,24863,2,2,0,0,Bacteria,Bacteroidetes,Bacteroidia,Flavobacteriales,Flavobacteriaceae,Capnocytophaga
G,24989,4,4,0,0,Bacteria,Bacteroidetes,Bacteroidia,Flavobacteriales,Weeksellaceae,Chryseobacterium
O,25002,8,8,1,1,Bacteria,Bacteroidetes,Bacteroidia,Sphingobacteriales,,
G,25027,4,4,0,0,Bacteria,Bacteroidetes,Bacteroidia,Sphingobacteriales,Sphingobacteriaceae,Pedobacter
G,25032,1,1,0,0,Bacteria,Bacteroidetes,Bacteroidia,Sphingobacteriales,Sphingobacteriaceae,Sphingobacterium
G,25023,1,0,1,0,Bacteria,Bacteroidetes,Bacteroidia,Sphingobacteriales,Sphingobacteriaceae,Mucilaginibacter
F,25012,2,2,0,0,Bacteria,Bacteroidetes,Bacteroidia,Sphingobacteriales,Lentimicrobiaceae,
G,25013,1,1,0,0,Bacteria,Bacteroidetes,Bacteroidia,Sphingobacteriales,Lentimicrobiaceae,Lentimicrobium
F,25004,1,0,0,1,Bacteria,Bacteroidetes,Bacteroidia,Sphingobacteriales,AKYH767,
G,24778,1,1,0,0,Bacteria,Bacteroidetes,Bacteroidia,Cytophagales,Hymenobacteraceae,Hymenobacter
G,24780,1,1,0,0,Bacteria,Bacteroidetes,Bacteroidia,Cytophagales,Hymenobacteraceae,Pontibacter
G,24760,1,1,0,0,Bacteria,Bacteroidetes,Bacteroidia,Cytophagales,Cyclobacteriaceae,
G,24775,1,1,0,0,Bacteria,Bacteroidetes,Bacteroidia,Cytophagales,Flammeovirgaceae,
G,25098,3,3,0,0,Bacteria,Bacteroidetes,Rhodothermia,Rhodothermales,Rhodothermaceae,Salinibacter
G,25067,1,1,0,0,Bacteria,Bacteroidetes,Ignavibacteria,Kryptoniales,Kryptoniaceae,Candidatus_Kryptobacter
P,1672,216,216,11,12,Bacteria,Firmicutes,,,,
C,1859,105,105,4,3,Bacteria,Firmicutes,Clostridia,,,
O,1863,104,104,4,3,Bacteria,Firmicutes,Clostridia,Clostridiales,,
F,2042,43,43,2,0,Bacteria,Firmicutes,Clostridia,Clostridiales,Peptostreptococcaceae,
G,11347,16,16,0,0,Bacteria,Firmicutes,Clostridia,Clostridiales,Peptostreptococcaceae,Romboutsia
G,25660,5,5,0,0,Bacteria,Firmicutes,Clostridia,Clostridiales,Peptostreptococcaceae,Clostridioides
G,14379,3,3,1,0,Bacteria,Firmicutes,Clostridia,Clostridiales,Peptostreptococcaceae,Paraclostridium
G,11345,3,3,0,0,Bacteria,Firmicutes,Clostridia,Clostridiales,Peptostreptococcaceae,Intestinibacter
G,11346,3,3,0,0,Bacteria,Firmicutes,Clostridia,Clostridiales,Peptostreptococcaceae,Peptoclostridium
G,11348,3,3,0,0,Bacteria,Firmicutes,Clostridia,Clostridiales,Peptostreptococcaceae,Terrisporobacter
G,2049,2,2,0,0,Bacteria,Firmicutes,Clostridia,Clostridiales,Peptostreptococcaceae,
F,2050,26,26,0,0,Bacteria,Firmicutes,Clostridia,Clostridiales,Ruminococcaceae,
G,2070,11,11,0,0,Bacteria,Firmicutes,Clostridia,Clostridiales,Ruminococcaceae,Subdoligranulum
G,2057,5,5,0,0,Bacteria,Firmicutes,Clostridia,Clostridiales,Ruminococcaceae,Faecalibacterium
G,11375,4,4,0,0,Bacteria,Firmicutes,Clostridia,Clostridiales,Ruminococcaceae,Eubacterium_coprostanoligenes_group
G,2058,2,2,0,0,Bacteria,Firmicutes,Clostridia,Clostridiales,Ruminococcaceae,Fastidiosipila
G,11363,1,1,0,0,Bacteria,Firmicutes,Clostridia,Clostridiales,Ruminococcaceae,RuminococcaceaeUCG-nana5
G,2071,1,1,0,0,Bacteria,Firmicutes,Clostridia,Clostridiales,Ruminococcaceae,uncultured
G,11367,1,1,0,0,Bacteria,Firmicutes,Clostridia,Clostridiales,Ruminococcaceae,Ruminococcaceae_UCG-na1na
F,1987,19,19,2,2,Bacteria,Firmicutes,Clostridia,Clostridiales,Lachnospiraceae,
G,1992,5,5,1,0,Bacteria,Firmicutes,Clostridia,Clostridiales,Lachnospiraceae,Blautia
G,11319,2,2,0,1,Bacteria,Firmicutes,Clostridia,Clostridiales,Lachnospiraceae,Lachnospiraceae_NK4A136_group
G,11324,2,2,0,0,Bacteria,Firmicutes,Clostridia,Clostridiales,Lachnospiraceae,Lachnospiraceae_UCG-nana4
G,2012,2,2,0,0,Bacteria,Firmicutes,Clostridia,Clostridiales,Lachnospiraceae,Roseburia
G,11320,1,1,0,0,Bacteria,Firmicutes,Clostridia,Clostridiales,Lachnospiraceae,Lachnospiraceae_NK4B4_group
G,11335,1,1,0,0,Bacteria,Firmicutes,Clostridia,Clostridiales,Lachnospiraceae,Tyzzerella3
G,2008,1,1,0,0,Bacteria,Firmicutes,Clostridia,Clostridiales,Lachnospiraceae,Oribacterium
G,25647,1,1,0,0,Bacteria,Firmicutes,Clostridia,Clostridiales,Lachnospiraceae,CAG-56
G,2021,1,1,0,0,Bacteria,Firmicutes,Clostridia,Clostridiales,Lachnospiraceae,
G,25650,1,0,0,1,Bacteria,Firmicutes,Clostridia,Clostridiales,Lachnospiraceae,FD2nana5
G,11308,1,0,1,0,Bacteria,Firmicutes,Clostridia,Clostridiales,Lachnospiraceae,Lachnoclostridium
G,1873,8,8,0,0,Bacteria,Firmicutes,Clostridia,Clostridiales,Clostridiaceae,Clostridium_sensu_stricto1
G,2041,2,2,0,0,Bacteria,Firmicutes,Clostridia,Clostridiales,Peptococcaceae,uncultured
G,2037,1,1,0,0,Bacteria,Firmicutes,Clostridia,Clostridiales,Peptococcaceae,Peptococcus
G,11289,1,1,0,0,Bacteria,Firmicutes,Clostridia,Clostridiales,FamilyXI,Ezakiella
O,2165,73,73,1,0,Bacteria,Firmicutes,Negativicutes,Selenomonadales,,
F,2172,60,60,1,0,Bacteria,Firmicutes,Negativicutes,Selenomonadales,Veillonellaceae,
G,2183,23,23,1,0,Bacteria,Firmicutes,Negativicutes,Selenomonadales,Veillonellaceae,Dialister
G,2185,13,13,0,0,Bacteria,Firmicutes,Negativicutes,Selenomonadales,Veillonellaceae,Megasphaera
G,2184,9,9,0,0,Bacteria,Firmicutes,Negativicutes,Selenomonadales,Veillonellaceae,Megamonas
G,11396,3,3,0,0,Bacteria,Firmicutes,Negativicutes,Selenomonadales,Veillonellaceae,Selenomonas3
G,2200,2,2,0,0,Bacteria,Firmicutes,Negativicutes,Selenomonadales,Veillonellaceae,
G,11395,2,2,0,0,Bacteria,Firmicutes,Negativicutes,Selenomonadales,Veillonellaceae,Selenomonas1
G,2174,1,1,0,0,Bacteria,Firmicutes,Negativicutes,Selenomonadales,Veillonellaceae,Allisonella
G,2180,1,1,0,0,Bacteria,Firmicutes,Negativicutes,Selenomonadales,Veillonellaceae,Anaerovibrio
G,2179,1,1,0,0,Bacteria,Firmicutes,Negativicutes,Selenomonadales,Veillonellaceae,Anaerospora
G,2167,8,8,0,0,Bacteria,Firmicutes,Negativicutes,Selenomonadales,Acidaminococcaceae,Acidaminococcus
G,2168,3,3,0,0,Bacteria,Firmicutes,Negativicutes,Selenomonadales,Acidaminococcaceae,Phascolarctobacterium
G,2169,1,1,0,0,Bacteria,Firmicutes,Negativicutes,Selenomonadales,Acidaminococcaceae,Succiniclasticum
C,1673,21,21,6,8,Bacteria,Firmicutes,Bacilli,,,
G,1688,10,10,3,4,Bacteria,Firmicutes,Bacilli,Bacillales,Bacillaceae,Bacillus
G,1696,1,1,0,0,Bacteria,Firmicutes,Bacilli,Bacillales,Bacillaceae,Geobacillus
G,1762,2,2,0,1,Bacteria,Firmicutes,Bacilli,Bacillales,Planococcaceae,Lysinibacillus
G,1735,1,1,0,0,Bacteria,Firmicutes,Bacilli,Bacillales,FamilyXII,Exiguobacterium
G,1780,1,1,1,1,Bacteria,Firmicutes,Bacilli,Bacillales,Staphylococcaceae,Staphylococcus
G,1837,2,2,0,1,Bacteria,Firmicutes,Bacilli,Lactobacillales,Lactobacillaceae,Lactobacillus
G,1853,2,2,0,0,Bacteria,Firmicutes,Bacilli,Lactobacillales,Streptococcaceae,Streptococcus
G,1831,1,1,0,0,Bacteria,Firmicutes,Bacilli,Lactobacillales,Enterococcaceae,Enterococcus
G,1841,1,1,0,1,Bacteria,Firmicutes,Bacilli,Lactobacillales,Leuconostocaceae,Leuconostoc
G,1817,1,0,1,0,Bacteria,Firmicutes,Bacilli,Lactobacillales,Carnobacteriaceae,Atopostipes
G,2153,4,4,0,0,Bacteria,Firmicutes,Erysipelotrichia,Erysipelotrichales,Erysipelotrichaceae,Catenibacterium
G,11393,3,3,0,1,Bacteria,Firmicutes,Erysipelotrichia,Erysipelotrichales,Erysipelotrichaceae,Holdemanella
P,2375,158,158,47,54,Bacteria,Proteobacteria,,,,
C,3303,135,135,38,49,Bacteria,Proteobacteria,Gammaproteobacteria,,,
G,26782,37,37,2,0,Bacteria,Proteobacteria,Gammaproteobacteria,Oceanospirillales,Pseudohongiellaceae,Pseudohongiella
G,3616,1,1,0,0,Bacteria,Proteobacteria,Gammaproteobacteria,Oceanospirillales,Halomonadaceae,Halomonas
O,26341,29,29,11,1,Bacteria,Proteobacteria,Gammaproteobacteria,Betaproteobacteriales,,
F,26352,20,20,10,0,Bacteria,Proteobacteria,Gammaproteobacteria,Betaproteobacteriales,Burkholderiaceae,
G,26358,6,6,4,0,Bacteria,Proteobacteria,Gammaproteobacteria,Betaproteobacteriales,Burkholderiaceae,Alcaligenes
G,26387,3,3,0,0,Bacteria,Proteobacteria,Gammaproteobacteria,Betaproteobacteriales,Burkholderiaceae,Curvibacter
G,26384,2,2,1,0,Bacteria,Proteobacteria,Gammaproteobacteria,Betaproteobacteriales,Burkholderiaceae,Comamonas
G,26471,1,1,0,0,Bacteria,Proteobacteria,Gammaproteobacteria,Betaproteobacteriales,Burkholderiaceae,
G,26429,1,1,0,0,Bacteria,Proteobacteria,Gammaproteobacteria,Betaproteobacteriales,Burkholderiaceae,Parasutterella
G,26439,1,1,0,0,Bacteria,Proteobacteria,Gammaproteobacteria,Betaproteobacteriales,Burkholderiaceae,Pseudoduganella
G,26441,1,1,0,0,Bacteria,Proteobacteria,Gammaproteobacteria,Betaproteobacteriales,Burkholderiaceae,Pusillimonas
G,26388,1,1,0,0,Bacteria,Proteobacteria,Gammaproteobacteria,Betaproteobacteriales,Burkholderiaceae,Delftia
G,26454,1,1,0,0,Bacteria,Proteobacteria,Gammaproteobacteria,Betaproteobacteriales,Burkholderiaceae,Sutterella
G,26368,4,1,4,0,Bacteria,Proteobacteria,Gammaproteobacteria,Betaproteobacteriales,Burkholderiaceae,Burkholderia-Caballeronia-Paraburkholderia
G,26462,1,1,0,0,Bacteria,Proteobacteria,Gammaproteobacteria,Betaproteobacteriales,Burkholderiaceae,Variovorax
G,26354,1,0,1,0,Bacteria,Proteobacteria,Gammaproteobacteria,Betaproteobacteriales,Burkholderiaceae,Achromobacter
F,26494,2,2,0,0,Bacteria,Proteobacteria,Gammaproteobacteria,Betaproteobacteriales,EC94,
F,26526,2,2,0,0,Bacteria,Proteobacteria,Gammaproteobacteria,Betaproteobacteriales,Neisseriaceae,
G,26532,1,1,0,0,Bacteria,Proteobacteria,Gammaproteobacteria,Betaproteobacteriales,Neisseriaceae,Neisseria
G,26484,1,1,0,0,Bacteria,Proteobacteria,Gammaproteobacteria,Betaproteobacteriales,Chitinimonadaceae,Chitinimonas
G,26577,1,1,0,0,Bacteria,Proteobacteria,Gammaproteobacteria,Betaproteobacteriales,Rhodocyclaceae,Thauera
G,26544,1,1,0,0,Bacteria,Proteobacteria,Gammaproteobacteria,Betaproteobacteriales,Nitrosomonadaceae,IS-44
G,26519,1,1,0,0,Bacteria,Proteobacteria,Gammaproteobacteria,Betaproteobacteriales,Methylophilaceae,Methylobacillus
G,26520,1,0,0,1,Bacteria,Proteobacteria,Gammaproteobacteria,Betaproteobacteriales,Methylophilaceae,Methylophilus
G,26509,1,0,1,0,Bacteria,Proteobacteria,Gammaproteobacteria,Betaproteobacteriales,Hydrogenophilaceae,Thiobacillus
F,3469,42,15,9,42,Bacteria,Proteobacteria,Gammaproteobacteria,Enterobacteriales,Enterobacteriaceae,
G,3504,27,13,7,27,Bacteria,Proteobacteria,Gammaproteobacteria,Enterobacteriales,Enterobacteriaceae,Escherichia-Shigella
G,3507,1,1,1,0,Bacteria,Proteobacteria,Gammaproteobacteria,Enterobacteriales,Enterobacteriaceae,Klebsiella
G,3531,1,1,0,1,Bacteria,Proteobacteria,Gammaproteobacteria,Enterobacteriales,Enterobacteriaceae,Yersinia
G,3521,1,0,1,0,Bacteria,Proteobacteria,Gammaproteobacteria,Enterobacteriales,Enterobacteriaceae,Raoultella
G,3513,10,0,0,10,Bacteria,Proteobacteria,Gammaproteobacteria,Enterobacteriales,Enterobacteriaceae,Pantoea
G,3503,1,0,0,1,Bacteria,Proteobacteria,Gammaproteobacteria,Enterobacteriales,Enterobacteriaceae,Erwinia
G,3711,6,6,0,0,Bacteria,Proteobacteria,Gammaproteobacteria,Pseudomonadales,Moraxellaceae,Acinetobacter
G,3713,1,1,0,0,Bacteria,Proteobacteria,Gammaproteobacteria,Pseudomonadales,Moraxellaceae,Enhydrobacter
G,3714,1,1,0,0,Bacteria,Proteobacteria,Gammaproteobacteria,Pseudomonadales,Moraxellaceae,Moraxella
G,3723,6,6,3,1,Bacteria,Proteobacteria,Gammaproteobacteria,Pseudomonadales,Pseudomonadaceae,Pseudomonas
G,3697,6,6,0,0,Bacteria,Proteobacteria,Gammaproteobacteria,Pasteurellales,Pasteurellaceae,Gallibacterium
G,3698,1,1,0,0,Bacteria,Proteobacteria,Gammaproteobacteria,Pasteurellales,Pasteurellaceae,Haemophilus
G,26314,4,4,1,0,Bacteria,Proteobacteria,Gammaproteobacteria,Alteromonadales,Marinobacteraceae,Marinobacter
G,3387,1,1,0,0,Bacteria,Proteobacteria,Gammaproteobacteria,Alteromonadales,Idiomarinaceae,Idiomarina
G,3339,1,0,1,0,Bacteria,Proteobacteria,Gammaproteobacteria,Alteromonadales,Alteromonadaceae,Alteromonas
G,3394,1,0,0,1,Bacteria,Proteobacteria,Gammaproteobacteria,Alteromonadales,Pseudoalteromonadaceae,Pseudoalteromonas
G,3818,3,3,1,0,Bacteria,Proteobacteria,Gammaproteobacteria,Xanthomonadales,Xanthomonadaceae,Stenotrophomonas
G,3820,1,1,0,0,Bacteria,Proteobacteria,Gammaproteobacteria,Xanthomonadales,Xanthomonadaceae,Thermomonas
G,26867,1,0,1,0,Bacteria,Proteobacteria,Gammaproteobacteria,Xanthomonadales,Rhodanobacteraceae,Chujaibacter
G,3331,2,2,0,0,Bacteria,Proteobacteria,Gammaproteobacteria,Aeromonadales,Succinivibrionaceae,Succinivibrio
G,3327,1,1,0,0,Bacteria,Proteobacteria,Gammaproteobacteria,Aeromonadales,Succinivibrionaceae,Anaerobiospirillum
G,3318,1,1,0,0,Bacteria,Proteobacteria,Gammaproteobacteria,Aeromonadales,Aeromonadaceae,Aeromonas
G,3783,2,2,0,0,Bacteria,Proteobacteria,Gammaproteobacteria,Vibrionales,Vibrionaceae,Vibrio
O,26796,1,1,0,0,Bacteria,Proteobacteria,Gammaproteobacteria,,PLTA13,
G,26856,1,0,1,1,Bacteria,Proteobacteria,Gammaproteobacteria,Thiomicrospirales,Thiomicrospiraceae,Thiomicrorhabdus
G,26661,1,0,1,0,Bacteria,Proteobacteria,Gammaproteobacteria,Gammaproteobacteria_Sedis,,Acidibacter
C,2379,18,18,4,4,Bacteria,Proteobacteria,Alphaproteobacteria,,,
G,26091,2,2,0,0,Bacteria,Proteobacteria,Alphaproteobacteria,Rhizobiales,Rhizobiaceae,Allorhizobium-Neorhizobium-Pararhizobium-Rhizobium
G,26112,1,1,0,0,Bacteria,Proteobacteria,Alphaproteobacteria,Rhizobiales,Rhizobiaceae,Mesorhizobium
G,26151,2,2,0,1,Bacteria,Proteobacteria,Alphaproteobacteria,Rhizobiales,Xanthobacteraceae,Bradyrhizobium
G,2554,1,0,1,1,Bacteria,Proteobacteria,Alphaproteobacteria,Rhizobiales,Xanthobacteraceae,
G,26042,1,1,0,0,Bacteria,Proteobacteria,Alphaproteobacteria,Rhizobiales,Beijerinckiaceae,Bosea
G,26068,1,1,0,0,Bacteria,Proteobacteria,Alphaproteobacteria,Rhizobiales,Labraceae,Labrys
G,26132,1,0,1,0,Bacteria,Proteobacteria,Alphaproteobacteria,Rhizobiales,Rhodomicrobiaceae,Rhodomicrobium
G,2607,6,6,0,0,Bacteria,Proteobacteria,Alphaproteobacteria,Rhodobacterales,Rhodobacteraceae,Paracoccus
G,11446,1,1,0,0,Bacteria,Proteobacteria,Alphaproteobacteria,Rhodobacterales,Rhodobacteraceae,Ascidiaceihabitans
G,2852,1,1,0,0,Bacteria,Proteobacteria,Alphaproteobacteria,Sphingomonadales,Sphingomonadaceae,Sphingomonas
G,2854,1,1,0,0,Bacteria,Proteobacteria,Alphaproteobacteria,Sphingomonadales,Sphingomonadaceae,Sphingorhabdus
G,2846,1,0,1,0,Bacteria,Proteobacteria,Alphaproteobacteria,Sphingomonadales,Sphingomonadaceae,Novosphingobium
G,2392,1,1,0,0,Bacteria,Proteobacteria,Alphaproteobacteria,Caulobacterales,Caulobacteraceae,Phenylobacterium
G,2390,1,0,0,1,Bacteria,Proteobacteria,Alphaproteobacteria,Caulobacterales,Caulobacteraceae,Brevundimonas
G,2770,1,0,0,1,Bacteria,Proteobacteria,Alphaproteobacteria,Rickettsiales,Anaplasmataceae,Wolbachia
F,2805,1,0,1,0,Bacteria,Proteobacteria,Alphaproteobacteria,Rickettsiales,Mitochondria,
G,3138,2,2,0,0,Bacteria,Proteobacteria,Deltaproteobacteria,Desulfobacterales,Desulfobacteraceae,
G,3149,1,0,1,0,Bacteria,Proteobacteria,Deltaproteobacteria,Desulfobacterales,Desulfobulbaceae,SEEP-SRB2
O,26287,1,1,0,0,Bacteria,Proteobacteria,Deltaproteobacteria,PB19,,
O,14609,1,1,0,0,Bacteria,Proteobacteria,Deltaproteobacteria,NB1-j,,
O,3247,2,1,2,0,Bacteria,Proteobacteria,Deltaproteobacteria,SAR324_clade(Marine group B),,
G,3099,1,0,1,0,Bacteria,Proteobacteria,Deltaproteobacteria,Bdellovibrionales,Bdellovibrionaceae,Bdellovibrio
P,400,48,48,23,4,Bacteria,Actinobacteria,,,,
C,419,31,31,21,4,Bacteria,Actinobacteria,Actinobacteria,,,
G,436,8,8,0,0,Bacteria,Actinobacteria,Actinobacteria,Bifidobacteriales,Bifidobacteriaceae,Bifidobacterium
G,14220,2,2,1,0,Bacteria,Actinobacteria,Actinobacteria,Micrococcales,Micrococcaceae,Pseudarthrobacter
G,643,1,1,0,0,Bacteria,Actinobacteria,Actinobacteria,Micrococcales,Micrococcaceae,Micrococcus
G,644,1,1,0,0,Bacteria,Actinobacteria,Actinobacteria,Micrococcales,Micrococcaceae,Nesterenkonia
G,535,2,2,0,0,Bacteria,Actinobacteria,Actinobacteria,Micrococcales,Dermabacteraceae,Brachybacterium
G,616,1,1,0,0,Bacteria,Actinobacteria,Actinobacteria,Micrococcales,Microbacteriaceae,Microbacterium
G,24519,17,2,17,2,Bacteria,Actinobacteria,Actinobacteria,Propionibacteriales,Propionibacteriaceae,Cutibacterium
G,725,1,0,1,0,Bacteria,Actinobacteria,Actinobacteria,Propionibacteriales,Propionibacteriaceae,Micropruina
G,724,1,0,1,0,Bacteria,Actinobacteria,Actinobacteria,Propionibacteriales,Propionibacteriaceae,Microlunatus
G,718,1,0,0,1,Bacteria,Actinobacteria,Actinobacteria,Propionibacteriales,Propionibacteriaceae,Friedmanniella
G,711,1,1,0,1,Bacteria,Actinobacteria,Actinobacteria,Propionibacteriales,Nocardioidaceae,Nocardioides
G,710,1,0,1,0,Bacteria,Actinobacteria,Actinobacteria,Propionibacteriales,Nocardioidaceae,Marmoricola
G,769,2,2,0,0,Bacteria,Actinobacteria,Actinobacteria,Streptomycetales,Streptomycetaceae,Streptomyces
G,767,1,1,0,0,Bacteria,Actinobacteria,Actinobacteria,Streptomycetales,Streptomycetaceae,Kitasatospora
G,11143,2,2,0,0,Bacteria,Actinobacteria,Actinobacteria,Corynebacteriales,Corynebacteriaceae,Corynebacterium1
G,509,1,1,0,0,Bacteria,Actinobacteria,Actinobacteria,Kineosporiales,Kineosporiaceae,
G,700,1,1,0,0,Bacteria,Actinobacteria,Actinobacteria,Micromonosporales,Micromonosporaceae,Virgisporangium
G,755,1,1,0,0,Bacteria,Actinobacteria,Actinobacteria,Pseudonocardiales,Pseudonocardiaceae,Pseudonocardia
G,777,1,1,0,0,Bacteria,Actinobacteria,Actinobacteria,Streptosporangiales,Nocardiopsaceae,Nocardiopsis
G,815,5,5,1,0,Bacteria,Actinobacteria,Coriobacteriia,Coriobacteriales,Coriobacteriaceae,Collinsella
G,24538,1,1,0,0,Bacteria,Actinobacteria,Coriobacteriia,Coriobacteriales,Atopobiaceae,Olsenella
O,24482,3,3,0,0,Bacteria,Actinobacteria,Acidimicrobiia,IMCC26256,,
G,24480,2,2,0,0,Bacteria,Actinobacteria,Acidimicrobiia,Actinomarinales,Actinomarinaceae,Candidatus_Actinomarina
F,848,2,2,1,0,Bacteria,Actinobacteria,Thermoleophilia,Gaiellales,,
C,829,1,1,0,0,Bacteria,Actinobacteria,MB-A2-1na8,,,
F,3947,91,7,2,91,Bacteria,Tenericutes,Mollicutes,Mycoplasmatales,Mycoplasmataceae,
G,3951,4,4,2,2,Bacteria,Tenericutes,Mollicutes,Mycoplasmatales,Mycoplasmataceae,Ureaplasma
G,3950,86,3,0,86,Bacteria,Tenericutes,Mollicutes,Mycoplasmatales,Mycoplasmataceae,Mycoplasma
G,3938,1,1,0,1,Bacteria,Tenericutes,Mollicutes,Entomoplasmatales,Spiroplasmataceae,Spiroplasma
O,25228,5,5,0,1,Bacteria,Cyanobacteria,Oxyphotobacteria,Chloroplast,,
G,25326,1,1,0,0,Bacteria,Cyanobacteria,Oxyphotobacteria,Nostocales,Microcystaceae,Microcystis_PCC-7914
G,25385,1,1,0,0,Bacteria,Cyanobacteria,Oxyphotobacteria,Nostocales,Nostocaceae,Nostoc_PCC-7524
G,25313,1,0,0,1,Bacteria,Cyanobacteria,Oxyphotobacteria,Nostocales,Geitlerinemaceae,Geitlerinema_PCC-71na5
F,25897,2,2,0,0,Bacteria,Planctomycetes,Planctomycetacia,Planctomycetales,,
G,25884,1,1,0,0,Bacteria,Planctomycetes,Planctomycetacia,Pirellulales,Pirellulaceae,
G,25875,1,0,1,0,Bacteria,Planctomycetes,Planctomycetacia,Pirellulales,Pirellulaceae,Pir4_lineage
F,11232,1,1,0,0,Bacteria,Chloroflexi,Chloroflexia,Kallotenuales,,AKIW781
G,25125,2,1,2,0,Bacteria,Chloroflexi,Anaerolineae,Anaerolineales,Anaerolineaceae,RBG-16-58-14
G,2209,1,1,0,0,Bacteria,Fusobacteria,Fusobacteriia,Fusobacteriales,Fusobacteriaceae,Cetobacterium
G,2210,1,1,1,0,Bacteria,Fusobacteria,Fusobacteriia,Fusobacteriales,Fusobacteriaceae,Fusobacterium
G,25572,1,1,0,0,Bacteria,Epsilonbacteraeota,Campylobacteria,Campylobacterales,Campylobacteraceae,Campylobacter
G,25592,1,0,0,1,Bacteria,Epsilonbacteraeota,Campylobacteria,Campylobacterales,Thiovulaceae,Sulfurimonas
G,26933,1,1,0,0,Bacteria,Spirochaetes,Spirochaetia,Spirochaetales,Spirochaetaceae,Termite_Treponema_cluster
G,26935,1,0,1,0,Bacteria,Spirochaetes,Spirochaetia,Spirochaetales,Spirochaetaceae,Treponema2
G,13926,1,1,0,0,Bacteria,Fibrobacteres,Chitinivibrionia,Chitinivibrionales,Chitinivibrionaceae,Chitinivibrio
G,1658,3,0,3,0,Bacteria,Fibrobacteres,Fibrobacteria,Fibrobacterales,Fibrobacteraceae,possible_genus_na6
P,321,4,1,4,1,Bacteria,Acidobacteria,,,,
G,24435,1,0,1,0,Bacteria,Acidobacteria,Acidobacteriia,Solibacterales,Solibacteraceae,Candidatus_Solibacter
C,14196,3,0,3,1,Bacteria,Acidobacteria,,,,Subgroup6
G,24468,1,0,1,0,Bacteria,Acidobacteria,Subgroup6,,,Luteitalea
P,25747,1,1,0,0,Bacteria,Omnitrophicaeota,,,,
O,25784,1,0,1,0,Bacteria,Patescibacteria,Microgenomatia,Candidatus_Woesebacteria,,
P,55,1,0,1,1,Archaea,Euryarchaeota,,,,
G,186,1,0,1,0,Archaea,Euryarchaeota,Methanomicrobia,Methanosarcinales,Methanosarcinaceae,ANME-3
F,24396,1,0,0,1,Archaea,Thaumarchaeota,Nitrososphaeria,Nitrosopumilales,Nitrosopumilaceae,
